{
    "data": [{
            "Id": 1,
            "Product_Name": "Tobasco Sauce",
            "First_Name": "Ketti",
            "Amount": "183.00",
            "Qty": 8,
            "Purchased_on": "16-Jun-2018",
            "Tacking_no": 416024,
            "Status": "Hold"
        },
        {
            "Id": 2,
            "Product_Name": "Glove - Cutting",
            "First_Name": "Corette",
            "Amount": "56.00",
            "Qty": 8,
            "Purchased_on": "19-Apr-2018",
            "Tacking_no": 926898,
            "Status": "Paid"
        },
        {
            "Id": 3,
            "Product_Name": "Pork - Bones",
            "First_Name": "Riki",
            "Amount": "176.00",
            "Qty": 7,
            "Purchased_on": "16-May-2018",
            "Tacking_no": 452046,
            "Status": "New"
        },
        {
            "Id": 4,
            "Product_Name": "Spice - Pepper Portions",
            "First_Name": "Zorana",
            "Amount": "28.00",
            "Qty": 9,
            "Purchased_on": "08-Oct-2017",
            "Tacking_no": 412253,
            "Status": "Paid"
        },
        {
            "Id": 5,
            "Product_Name": "Coffee - Almond Amaretto",
            "First_Name": "Noby",
            "Amount": "66.00",
            "Qty": 2,
            "Purchased_on": "18-Dec-2017",
            "Tacking_no": 941226,
            "Status": "New"
        },
        {
            "Id": 6,
            "Product_Name": "Muffin Mix - Chocolate Chip",
            "First_Name": "Serge",
            "Amount": "69.00",
            "Qty": 2,
            "Purchased_on": "10-Jun-2018",
            "Tacking_no": 959659,
            "Status": "Paid"
        },
        {
            "Id": 7,
            "Product_Name": "Cheese - Shred Cheddar",
            "First_Name": "Yvette",
            "Amount": "80.00",
            "Qty": 1,
            "Purchased_on": "17-Feb-2018",
            "Tacking_no": 654130,
            "Status": "Paid"
        },
        {
            "Id": 8,
            "Product_Name": "Papayas",
            "First_Name": "Ernesto",
            "Amount": "125.00",
            "Qty": 3,
            "Purchased_on": "04-May-2018",
            "Tacking_no": 840824,
            "Status": "Paid"
        },
        {
            "Id": 9,
            "Product_Name": "Ice Cream Bar - Oreo Cone",
            "First_Name": "Emmaline",
            "Amount": "101.00",
            "Qty": 1,
            "Purchased_on": "30-Dec-2017",
            "Tacking_no": 719506,
            "Status": "Hold"
        },
        {
            "Id": 10,
            "Product_Name": "Beer - Moosehead",
            "First_Name": "Nikoletta",
            "Amount": "150.00",
            "Qty": 4,
            "Purchased_on": "12-Nov-2017",
            "Tacking_no": 352961,
            "Status": "New"
        },
        {
            "Id": 11,
            "Product_Name": "Pastry",
            "First_Name": "Hyacinthe",
            "Amount": "172.00",
            "Qty": 9,
            "Purchased_on": "04-Aug-2018",
            "Tacking_no": 510486,
            "Status": "Paid"
        },
        {
            "Id": 12,
            "Product_Name": "Beef - Diced",
            "First_Name": "Sybila",
            "Amount": "11.00",
            "Qty": 1,
            "Purchased_on": "30-Aug-2017",
            "Tacking_no": 604776,
            "Status": "Hold"
        },
        {
            "Id": 13,
            "Product_Name": "Wine - Alicanca Vinho Verde",
            "First_Name": "Corella",
            "Amount": "57.00",
            "Qty": 7,
            "Purchased_on": "06-Jun-2018",
            "Tacking_no": 791237,
            "Status": "New"
        },
        {
            "Id": 14,
            "Product_Name": "Bread - Calabrese Baguette",
            "First_Name": "Corinne",
            "Amount": "71.00",
            "Qty": 3,
            "Purchased_on": "09-Sep-2017",
            "Tacking_no": 537409,
            "Status": "Paid"
        },
        {
            "Id": 15,
            "Product_Name": "Soup - Campbells Beef Stew",
            "First_Name": "Lonny",
            "Amount": "70.00",
            "Qty": 5,
            "Purchased_on": "13-Feb-2018",
            "Tacking_no": 656593,
            "Status": "Hold"
        },
        {
            "Id": 16,
            "Product_Name": "Milk - Skim",
            "First_Name": "Junina",
            "Amount": "165.00",
            "Qty": 1,
            "Purchased_on": "01-Mar-2018",
            "Tacking_no": 757718,
            "Status": "Hold"
        },
        {
            "Id": 17,
            "Product_Name": "Island Oasis - Banana Daiquiri",
            "First_Name": "Valry",
            "Amount": "82.00",
            "Qty": 4,
            "Purchased_on": "09-Feb-2018",
            "Tacking_no": 350995,
            "Status": "Review"
        },
        {
            "Id": 18,
            "Product_Name": "Beef Dry Aged Tenderloin",
            "First_Name": "Rodolfo",
            "Amount": "125.00",
            "Qty": 8,
            "Purchased_on": "24-Jul-2018",
            "Tacking_no": 818067,
            "Status": "Review"
        },
        {
            "Id": 19,
            "Product_Name": "Scrubbie - Scotchbrite",
            "First_Name": "Tamera",
            "Amount": "11.00",
            "Qty": 6,
            "Purchased_on": "30-Jul-2018",
            "Tacking_no": 403768,
            "Status": "New"
        },
        {
            "Id": 20,
            "Product_Name": "Phyllo Dough",
            "First_Name": "Holly-anne",
            "Amount": "10.00",
            "Qty": 6,
            "Purchased_on": "14-Dec-2017",
            "Tacking_no": 911014,
            "Status": "Review"
        },
        {
            "Id": 21,
            "Product_Name": "Bread - Olive",
            "First_Name": "Orin",
            "Amount": "108.00",
            "Qty": 5,
            "Purchased_on": "09-Oct-2017",
            "Tacking_no": 762536,
            "Status": "New"
        },
        {
            "Id": 22,
            "Product_Name": "Grapefruit - Pink",
            "First_Name": "Aguie",
            "Amount": "53.00",
            "Qty": 2,
            "Purchased_on": "02-Sep-2017",
            "Tacking_no": 379570,
            "Status": "Paid"
        },
        {
            "Id": 23,
            "Product_Name": "Higashimaru Usukuchi",
            "First_Name": "Roanne",
            "Amount": "105.00",
            "Qty": 4,
            "Purchased_on": "20-Oct-2017",
            "Tacking_no": 551470,
            "Status": "Hold"
        },
        {
            "Id": 24,
            "Product_Name": "Pie Filling - Apple",
            "First_Name": "Roch",
            "Amount": "180.00",
            "Qty": 6,
            "Purchased_on": "01-Oct-2017",
            "Tacking_no": 372636,
            "Status": "New"
        },
        {
            "Id": 25,
            "Product_Name": "Beef - Prime Rib Aaa",
            "First_Name": "Cloe",
            "Amount": "22.00",
            "Qty": 1,
            "Purchased_on": "04-Jun-2018",
            "Tacking_no": 430212,
            "Status": "Review"
        },
        {
            "Id": 26,
            "Product_Name": "Glass - Wine, Plastic, Clear 5 Oz",
            "First_Name": "Lyn",
            "Amount": "155.00",
            "Qty": 1,
            "Purchased_on": "23-Jun-2018",
            "Tacking_no": 444536,
            "Status": "Hold"
        },
        {
            "Id": 27,
            "Product_Name": "Lobster - Tail, 3 - 4 Oz",
            "First_Name": "Rey",
            "Amount": "142.00",
            "Qty": 9,
            "Purchased_on": "13-Sep-2017",
            "Tacking_no": 816834,
            "Status": "Review"
        },
        {
            "Id": 28,
            "Product_Name": "Aspic - Amber",
            "First_Name": "Blake",
            "Amount": "132.00",
            "Qty": 1,
            "Purchased_on": "21-Feb-2018",
            "Tacking_no": 523600,
            "Status": "Hold"
        },
        {
            "Id": 29,
            "Product_Name": "Mortadella",
            "First_Name": "Daune",
            "Amount": "25.00",
            "Qty": 3,
            "Purchased_on": "18-Apr-2018",
            "Tacking_no": 852063,
            "Status": "Paid"
        },
        {
            "Id": 30,
            "Product_Name": "Kellogs All Bran Bars",
            "First_Name": "Trixi",
            "Amount": "150.00",
            "Qty": 1,
            "Purchased_on": "20-Jan-2018",
            "Tacking_no": 396324,
            "Status": "Review"
        },
        {
            "Id": 31,
            "Product_Name": "Sardines",
            "First_Name": "Aime",
            "Amount": "132.00",
            "Qty": 4,
            "Purchased_on": "05-Jul-2018",
            "Tacking_no": 728652,
            "Status": "Review"
        },
        {
            "Id": 32,
            "Product_Name": "Cabbage - Nappa",
            "First_Name": "Care",
            "Amount": "111.00",
            "Qty": 1,
            "Purchased_on": "30-Oct-2017",
            "Tacking_no": 947042,
            "Status": "Paid"
        },
        {
            "Id": 33,
            "Product_Name": "Coffee Cup 12oz 5342cd",
            "First_Name": "Stephannie",
            "Amount": "179.00",
            "Qty": 5,
            "Purchased_on": "31-Jul-2018",
            "Tacking_no": 623883,
            "Status": "Hold"
        },
        {
            "Id": 34,
            "Product_Name": "Chocolate Bar - Reese Pieces",
            "First_Name": "Bertine",
            "Amount": "23.00",
            "Qty": 10,
            "Purchased_on": "16-Jun-2018",
            "Tacking_no": 839423,
            "Status": "Paid"
        },
        {
            "Id": 35,
            "Product_Name": "Pork - Belly Fresh",
            "First_Name": "Nathalie",
            "Amount": "94.00",
            "Qty": 10,
            "Purchased_on": "07-Apr-2018",
            "Tacking_no": 803363,
            "Status": "Hold"
        },
        {
            "Id": 36,
            "Product_Name": "Wine - White, Pinot Grigio",
            "First_Name": "Marie-ann",
            "Amount": "76.00",
            "Qty": 3,
            "Purchased_on": "16-Oct-2017",
            "Tacking_no": 603331,
            "Status": "Review"
        },
        {
            "Id": 37,
            "Product_Name": "Celery",
            "First_Name": "Cyndy",
            "Amount": "38.00",
            "Qty": 10,
            "Purchased_on": "20-Oct-2017",
            "Tacking_no": 776976,
            "Status": "Hold"
        },
        {
            "Id": 38,
            "Product_Name": "Tea - Herbal I Love Lemon",
            "First_Name": "Zonnya",
            "Amount": "51.00",
            "Qty": 7,
            "Purchased_on": "01-Jan-2018",
            "Tacking_no": 440721,
            "Status": "New"
        },
        {
            "Id": 39,
            "Product_Name": "Fond - Chocolate",
            "First_Name": "Gabriel",
            "Amount": "67.00",
            "Qty": 5,
            "Purchased_on": "02-Apr-2018",
            "Tacking_no": 633535,
            "Status": "Paid"
        },
        {
            "Id": 40,
            "Product_Name": "Beans - Fava, Canned",
            "First_Name": "Dorisa",
            "Amount": "42.00",
            "Qty": 4,
            "Purchased_on": "05-Oct-2017",
            "Tacking_no": 680439,
            "Status": "Hold"
        },
        {
            "Id": 41,
            "Product_Name": "Beef - Top Butt",
            "First_Name": "Emerson",
            "Amount": "124.00",
            "Qty": 3,
            "Purchased_on": "26-May-2018",
            "Tacking_no": 928429,
            "Status": "Review"
        },
        {
            "Id": 42,
            "Product_Name": "Tray - 16in Rnd Blk",
            "First_Name": "Stacy",
            "Amount": "114.00",
            "Qty": 9,
            "Purchased_on": "15-Mar-2018",
            "Tacking_no": 810823,
            "Status": "New"
        },
        {
            "Id": 43,
            "Product_Name": "Tea - Honey Green Tea",
            "First_Name": "Kissee",
            "Amount": "84.00",
            "Qty": 7,
            "Purchased_on": "04-Apr-2018",
            "Tacking_no": 471677,
            "Status": "Hold"
        },
        {
            "Id": 44,
            "Product_Name": "Bread - Bagels, Plain",
            "First_Name": "Tann",
            "Amount": "69.00",
            "Qty": 3,
            "Purchased_on": "18-Feb-2018",
            "Tacking_no": 663009,
            "Status": "New"
        },
        {
            "Id": 45,
            "Product_Name": "Steel Wool S.o.s",
            "First_Name": "Nelson",
            "Amount": "120.00",
            "Qty": 1,
            "Purchased_on": "11-Mar-2018",
            "Tacking_no": 375081,
            "Status": "Review"
        },
        {
            "Id": 46,
            "Product_Name": "Sugar - Sweet N Low, Individual",
            "First_Name": "Hagen",
            "Amount": "67.00",
            "Qty": 3,
            "Purchased_on": "09-Jun-2018",
            "Tacking_no": 853510,
            "Status": "Review"
        },
        {
            "Id": 47,
            "Product_Name": "Cabbage - Red",
            "First_Name": "Gizela",
            "Amount": "143.00",
            "Qty": 2,
            "Purchased_on": "24-Jul-2018",
            "Tacking_no": 940598,
            "Status": "New"
        },
        {
            "Id": 48,
            "Product_Name": "Peas - Frozen",
            "First_Name": "Fidela",
            "Amount": "180.00",
            "Qty": 1,
            "Purchased_on": "17-Feb-2018",
            "Tacking_no": 381911,
            "Status": "Paid"
        },
        {
            "Id": 49,
            "Product_Name": "Beef - Eye Of Round",
            "First_Name": "Waiter",
            "Amount": "156.00",
            "Qty": 4,
            "Purchased_on": "21-Jun-2018",
            "Tacking_no": 769430,
            "Status": "New"
        },
        {
            "Id": 50,
            "Product_Name": "Macaroons - Homestyle Two Bit",
            "First_Name": "Gris",
            "Amount": "26.00",
            "Qty": 7,
            "Purchased_on": "15-Jul-2018",
            "Tacking_no": 549154,
            "Status": "New"
        }
    ]
}